-- Artists
INSERT INTO artist (artist_id, first_name, last_name, biography_text)
VALUES ('ART-001', 'Johnny', 'Cash', 'An iconic country music singer.'),
       ('ART-002', 'Dolly', 'Parton', 'Known for her distinctive voice and songwriting.'),
       ('ART-003', 'Willie', 'Nelson', 'A legend in outlaw country music.'),
       ('ART-004', 'Reba', 'McEntire', 'Reigning queen of country music.'),
       ('ART-005', 'Garth', 'Brooks', 'One of the best-selling solo artists in the U.S.'),
       ('ART-006', 'Shania', 'Twain', 'Queen of country pop.'),
       ('ART-007', 'Chris', 'Stapleton', 'A modern-day soulful country singer.'),
       ('ART-008', 'Kacey', 'Musgraves', 'Blends traditional and progressive country.'),
       ('ART-009', 'Luke', 'Combs', 'Known for chart-topping hits and deep voice.'),
       ('ART-010', 'Carrie', 'Underwood', 'American Idol winner turned country star.'),
       ('ART-011', 'Alana', 'Springsteen',
        'An American country-pop artist known for emotional storytelling and modern country production.'),
       ('ART-012', 'Megan', 'Patrick',
        'A Canadian country singer blending traditional country with modern influences.'),
       ('ART-013', 'Robyn', 'Ottolini',
        'A Canadian country artist recognized for honest lyrics and viral country hits.'),
       ('ART-014', 'The', 'Reklaws',
        'A Canadian country sibling duo known for energetic performances and chart-topping hits.'),
       ('ART-015', 'Madeline', 'Merlo',
        'A Canadian country-pop artist known for heartfelt lyrics and modern production.'),
       ('ART-016', 'MacKenzie', 'Porter',
        'A Canadian country singer-songwriter with strong success in both Canada and the United States.');

-- Genres
INSERT INTO artist_genre (artist_id, genre)
VALUES ('ART-001', 'Outlaw Country'),
       ('ART-001', 'Country Gospel'),
       ('ART-002', 'Country Pop'),
       ('ART-003', 'Outlaw Country'),
       ('ART-004', 'Traditional Country'),
       ('ART-005', 'Contemporary Country'),
       ('ART-006', 'Country Pop'),
       ('ART-007', 'Southern Rock'),
       ('ART-007', 'Blues'),
       ('ART-008', 'Alternative Country'),
       ('ART-009', 'Bro-Country'),
       ('ART-010', 'Country Pop'),
       ('ART-010', 'Christian Country'),
       ('ART-011', 'Country Pop'),
       ('ART-011', 'Contemporary Country'),
       ('ART-012', 'Contemporary Country'),
       ('ART-012', 'Country Rock'),
       ('ART-013', 'Country Pop'),
       ('ART-013', 'Contemporary Country'),
       ('ART-014', 'Contemporary Country'),
       ('ART-014', 'Country Pop'),
       ('ART-015', 'Country Pop'),
       ('ART-015', 'Contemporary Country'),
       ('ART-016', 'Country Pop'),
       ('ART-016', 'Contemporary Country');

-- Social Media Links
INSERT INTO artist_social_media_links (artist_id, platform, uri)
VALUES ('ART-001', 'Twitter', 'https://twitter.com/johnnycash'),
       ('ART-001', 'Facebook', 'https://facebook.com/johnnycash'),
       ('ART-002', 'Instagram', 'https://instagram.com/dollyparton'),
       ('ART-003', 'YouTube', 'https://youtube.com/willienelson'),
       ('ART-004', 'Twitter', 'https://twitter.com/reba'),
       ('ART-005', 'Facebook', 'https://facebook.com/garthbrooks'),
       ('ART-006', 'Instagram', 'https://instagram.com/shaniatwain'),
       ('ART-007', 'Twitter', 'https://twitter.com/chrisstapleton'),
       ('ART-008', 'Instagram', 'https://instagram.com/spaceykacey'),
       ('ART-009', 'TikTok', 'https://tiktok.com/@lukecombs'),
       ('ART-010', 'Facebook', 'https://facebook.com/carrieunderwood'),
       ('ART-011', 'Instagram', 'https://instagram.com/alanaspringsteen'),
       ('ART-011', 'TikTok', 'https://tiktok.com/@alanaspringsteen'),
       ('ART-012', 'Instagram', 'https://instagram.com/meganpatrickmusic'),
       ('ART-012', 'Facebook', 'https://facebook.com/meganpatrickmusic'),
       ('ART-013', 'Instagram', 'https://instagram.com/robynottolini'),
       ('ART-013', 'TikTok', 'https://tiktok.com/@robynottolini'),
       ('ART-014', 'Instagram', 'https://instagram.com/thereklaws'),
       ('ART-014', 'TikTok', 'https://tiktok.com/@thereklaws'),
       ('ART-015', 'Instagram', 'https://instagram.com/madelinemerlo'),
       ('ART-015', 'Facebook', 'https://facebook.com/madelinemerlo'),
       ('ART-016', 'Instagram', 'https://instagram.com/mackenziepmusic'),
       ('ART-016', 'TikTok', 'https://tiktok.com/@mackenzieporter');
